,City,Lat,Lng,Country,Date,Max Temp(°F) ,Humidity(%),Cloudiness(%),Wind Speed(mph),Max Temp(°F)
1,smithers,54.78,-127.17,CA,1551654000,,26,5,2.62,19.4
2,tirat karmel,32.76,34.97,IL,1551656758,,90,88,1.99,51.01
3,igrim,63.19,64.42,RU,1551657025,,71,68,9.44,8.23
4,santa rosa,-36.62,-64.29,AR,1551657027,,90,92,7.87,68.17
5,cavalcante,-13.79,-47.46,BR,1551657028,,94,64,2.62,68.48
6,lazo,47.89,27.93,MD,1551657028,,76,0,6.64,26.23
7,chodziez,52.99,16.92,PL,1551657025,,100,75,10.29,46.99
8,zlobin,45.29,14.65,HR,1551656977,,93,0,3.36,44.6
9,zhongshu,24.52,103.77,CN,1551657029,,66,32,10.67,55.03
10,serra,-20.13,-40.31,BR,1551654000,,83,20,8.05,82.4
11,vygonichi,53.1,34.07,RU,1551657031,,91,80,13.24,30.73
12,lagos,6.46,3.39,NG,1551654000,,88,0,4.7,82.4
13,powell river,49.84,-124.52,CA,1551657018,,44,75,6.93,42.01
15,midland,32,-102.08,US,1551654900,,63,0,12.75,32.0
17,badvel,14.74,79.07,IN,1551657033,,92,0,3.4,69.52
18,anna paulowna,52.86,4.83,NL,1551657025,,87,88,41.38,55.0
19,pa sang,18.53,98.94,TH,1551656719,,68,20,2.39,75.99
20,nosy varika,-20.58,48.53,MG,1551657038,,100,88,3.85,77.62
21,kysyl-syr,63.9,122.77,RU,1551657038,,56,32,2.73,-6.04
22,quzhou,28.97,118.86,CN,1551657038,,85,0,1.16,40.81
23,corpus christi,27.8,-97.4,US,1551657006,,76,90,20.8,55.4
24,bella union,8.5,-73.35,CO,1551657039,,67,36,2.17,74.74
25,pirgos,35.12,25.72,GR,1551657024,,71,40,6.93,55.99
26,maningrida,-12.05,134.23,AU,1551657040,,90,68,16.15,81.76
27,jucurutu,-6.03,-37.02,BR,1551657040,,91,92,5.19,76.0
28,rach gia,10.02,105.08,VN,1551654000,,94,20,4.7,71.6
29,tarnow,53.78,12.02,DE,1551656832,,93,75,10.29,51.01
30,los alamos,35.88,-106.3,US,1551656782,,45,40,13.87,60.01
31,grimshaw,56.19,-117.61,CA,1551656839,,45,5,5.82,7.0
32,ifakara,-8.13,36.68,TZ,1551657051,,96,64,2.06,71.86
33,nynashamn,58.9,17.95,SE,1551656921,,100,32,5.82,35.01
34,sao geraldo do araguaia,-6.4,-48.55,BR,1551656862,,95,64,5.97,73.93
35,rio grande,-32.03,-52.1,BR,1551657052,,85,0,12.24,71.23
36,mudbidri,13.08,74.98,IN,1551655800,,83,0,5.82,75.2
37,bondoukou,8.04,-2.8,CI,1551657053,,60,8,1.95,73.48
38,windsor,42.3,-83.03,US,1551656980,,79,90,9.17,25.0
39,rajo khanani,24.98,68.85,PK,1551657054,,89,0,7.76,56.29
40,cienaga,11.01,-74.25,CO,1551654000,,55,40,16.11,86.0
41,neuruppin,52.92,12.81,DE,1551657004,,81,20,13.87,52.0
42,smolensk,54.79,32.05,RU,1551657055,,94,92,13.24,31.36
43,mega,4.06,38.32,ET,1551657055,,87,8,1.61,58.4
44,plouzane,48.38,-4.62,FR,1551656884,,76,48,27.51,50.0
45,dawei,14.07,98.19,MM,1551656773,,95,0,1.39,70.01
46,kamiiso,41.82,140.65,JP,1551654000,,80,75,3.36,39.2
47,gordeyevka,52.96,31.97,RU,1551657057,,94,92,16.15,36.04
48,darlawn,24.02,92.93,IN,1551657057,,82,32,1.95,55.57
50,kankaanpaa,61.8,22.42,FI,1551656587,,67,0,3.36,19.4
51,stavropol,45.04,41.97,RU,1551656821,,79,40,13.42,28.4
52,newport,51.59,-3,GB,1551656864,,80,75,14.99,45.0
53,lunenburg,42.59,-71.72,US,1551657049,,51,90,3.36,37.4
54,north myrtle beach,33.83,-78.68,US,1551657016,,100,90,10.29,68.0
55,wencheng,27.79,120.09,CN,1551657060,,93,44,1.28,45.4
56,sokoni,-12.89,28.78,CD,1551656965,,80,56,5.97,67.81
57,yuzhno-kurilsk,44.03,145.86,RU,1551656601,,99,44,11.79,30.41
58,muyezerskiy,63.93,31.65,RU,1551657061,,51,0,2.39,-4.47
59,pimentel,-3.7,-45.5,BR,1551657061,,97,92,0.49,72.85
60,aviles,43.55,-5.92,ES,1551657053,,67,40,16.11,61.0
61,moundsville,39.92,-80.74,US,1551657032,,86,90,5.82,30.99
62,cervo,-22.19,-46.24,BR,1551657063,,93,92,5.53,65.74
63,cabras,5.5,-75.6,CO,1551656661,,94,64,1.61,61.24
64,seydi,13.34,7.75,NE,1551657066,,35,56,5.08,75.05
65,suileng,47.25,127.08,CN,1551657067,,54,0,3.06,27.22
66,garden acres,37.96,-121.23,US,1551656823,,63,90,3.36,64.4
67,tomelloso,39.16,-3.02,ES,1551656711,,55,20,4,45.0
68,nigde,37.97,34.68,TR,1551657069,,75,32,2.62,20.02
69,kaili,-3.46,120.21,ID,1551657070,,78,24,3.06,76.58
70,mitu,36.2,46.09,IR,1551657070,,87,64,2.62,22.81
71,suwalki,54.11,22.93,PL,1551657071,,95,88,12.12,41.44
72,makkaveyevo,51.75,113.95,RU,1551654000,,78,36,3.62,15.8
73,ahar,38.48,47.07,IR,1551657072,,87,92,2.62,27.4
74,nakhon phanom,17.4,104.79,LA,1551657072,,99,92,1.39,69.25
75,bow island,49.87,-111.38,CA,1551656725,,64,5,10.29,-1.0
76,simbahan,6.3,120.58,PH,1551657074,,98,8,11.79,80.9
77,el dorado,6.71,-61.64,VE,1551657074,,65,36,3.96,78.79
79,saint-jean-de-braye,47.92,1.97,FR,1551657063,,93,80,6.93,50.0
80,senj,45.35,13.91,HR,1551657045,,93,90,10.29,46.4
81,gombong,-7.19,109.31,ID,1551657076,,96,88,1.05,73.7
82,bitam,2.08,11.49,GA,1551657076,,96,8,1.95,72.31
83,mpika,-11.84,31.4,ZM,1551657077,,85,68,5.19,64.57
84,las cruces,-33.5,-71.62,CL,1551654000,,82,75,8.05,62.6
85,ganganagar,16.78,77.13,IN,1551657078,,49,0,2.73,64.39
86,duminichi,53.93,35.11,RU,1551657078,,92,88,11.01,29.06
87,snasa,64.25,12.38,NO,1551656930,,86,12,3.74,14.66
88,uray,60.13,64.8,RU,1551656611,,79,88,9.89,16.28
89,rutigliano,41.01,17.01,IT,1551657066,,65,0,5.82,50.0
90,hazleton,40.96,-75.99,US,1551657021,,92,90,2.51,33.8
91,lewistown,40.39,-90.15,US,1551657081,,60,1,16.11,18.0
92,massaguet,12.48,15.44,TD,1551654000,,23,0,11.41,84.2
93,danilov,58.19,40.17,RU,1551654000,,85,90,11.18,23.0
95,alpena,45.06,-83.43,US,1551657043,,36,1,5.82,17.6
98,kabalo,-6.05,26.92,CD,1551656712,,99,88,2.95,69.61
99,marau,-28.45,-52.2,BR,1551657092,,63,0,10.67,68.8
100,uarini,-2.98,-65.16,BR,1551653100,,83,0,3.36,84.2
101,cerinza,5.96,-72.95,CO,1551657095,,90,88,0.38,57.01
102,petropavlovsk-kamchatskiy,53.05,158.65,RU,1551654000,,61,56,8.95,12.2
103,kyaikto,17.31,97.01,MM,1551657096,,95,0,2.39,67.9
104,vila do maio,15.13,-23.22,CV,1551654000,,77,0,20.8,69.8
105,mankono,8.06,-6.19,CI,1551656558,,38,12,5.64,76.36
106,barrow,-38.31,-60.23,AR,1551657097,,55,92,15.48,73.57
107,bubaque,11.28,-15.83,GW,1551657097,,88,0,11.12,78.97
108,zhanakorgan,43.91,67.25,KZ,1551657098,,91,92,7.99,39.91
109,buriti alegre,-18.14,-49.04,BR,1551657098,,90,48,2.28,69.38
110,ximei,23.74,120.51,TW,1551657023,,82,20,9.17,73.0
111,werneck,49.98,10.1,DE,1551657041,,70,40,9.17,51.01
112,arkhara,49.42,130.09,RU,1551657099,,75,68,2.73,22.09
113,nemuro,43.32,145.57,JP,1551657099,,95,0,6.2,31.99
114,butler,41.43,-84.87,US,1551657300,,73,90,10.29,27.0
115,primo tapia,32.22,-116.92,MX,1551657086,,77,90,6.93,63.0
116,kidal,18.44,1.41,ML,1551657101,,32,0,5.19,55.66
117,bang saphan,11.21,99.51,TH,1551654000,,100,75,1.12,75.2
118,arona,45.76,8.56,IT,1551657080,,75,0,1.12,53.6
119,nawa,27.02,75,IN,1551657102,,92,8,6.64,53.9
120,huangmei,30.1,115.95,CN,1551657102,,95,0,3.96,41.35
121,lobito,-12.35,13.55,AO,1551656698,,88,92,3.06,68.93
122,mairana,-18.12,-63.96,BO,1551657103,,91,24,2.73,62.32
123,kahone,14.16,-16.04,SN,1551657103,,16,0,9.33,69.97
125,guiyang,26.58,106.71,CN,1551654000,,82,90,6.71,55.4
126,willmar,45.12,-95.04,US,1551656798,,70,1,16.11,-2.21
127,truth or consequences,33.13,-107.25,US,1551656770,,11,1,16.11,73.4
128,zanesville,39.94,-82.01,US,1551656822,,80,90,9.17,30.2
129,sesheke,-17.47,24.29,NA,1551657105,,74,8,2.17,72.98
130,vikulovo,55.07,40.96,RU,1551657105,,74,0,7.99,9.49
131,santa fe,-31.62,-60.7,AR,1551656404,,63,56,5.01,84.99
132,shevchenkove,49.7,37.18,UA,1551654000,,68,0,13.42,30.2
133,shetpe,44.14,52.16,KZ,1551656951,,75,0,4.74,19.88
134,ust-kalmanka,52.12,83.31,RU,1551657110,,82,68,8.66,29.06
135,phalombe,-15.81,35.65,MW,1551657111,,99,80,2.84,68.21
136,orange,-33.28,149.1,AU,1551657059,,80,20,5.99,81.0
137,canmore,51.09,-115.35,CA,1551656726,,38,1,2.17,10.99
138,frederiksvaerk,55.97,12.02,DK,1551657096,,100,92,8.05,43.0
139,gillette,44.29,-105.5,US,1551656796,,54,1,14.99,-0.01
140,kem,2.68,33.77,UG,1551657113,,66,44,3.06,71.23
141,gemena,3.25,19.78,CD,1551657113,,96,56,3.18,70.28
142,rudnogorsk,57.27,103.75,RU,1551656514,,59,0,2.51,1.12
143,that phanom,16.94,104.73,TH,1551657114,,99,92,4.07,71.32
144,delvine,39.95,20.1,AL,1551656981,,81,20,3.18,53.01
145,polovinnoye,54.79,65.99,RU,1551657012,,89,80,19.51,23.03
146,manosque,43.83,5.78,FR,1551656883,,86,0,1.12,53.01
147,chinique,15.08,-91,GT,1551657004,,61,0,4,64.99
148,qandala,11.47,49.87,SO,1551657116,,99,76,1.16,69.34
149,hansi,29.11,75.96,IN,1551657117,,89,8,2.95,51.07
150,caramoran,13.98,124.13,PH,1551657117,,100,88,6.53,77.48
151,eyl,7.98,49.82,SO,1551657117,,99,92,11.34,76.72
152,malm,64.07,11.22,NO,1551657002,,74,75,11.41,30.99
153,manaia,-39.55,174.12,NZ,1551656278,,55,0,5.01,71.01
154,montrose,-37.81,145.34,AU,1551656710,,73,90,2.24,75.0
155,swan river,52.11,-101.27,CA,1551657118,,69,44,8.77,3.68
156,poyarkovo,49.62,128.65,RU,1551657119,,81,56,2.95,23.71
157,angermunde,53.02,14,DE,1551657108,,81,92,1.01,52.0
158,hit,33.64,42.83,IQ,1551657120,,43,12,8.55,57.01
159,muslyumovo,55.31,53.19,RU,1551657120,,85,68,13.35,14.53
161,salekhard,66.54,66.62,RU,1551657121,,77,68,24.65,1.84
162,kuandian,40.73,124.78,CN,1551657121,,74,0,2.51,31.9
163,vendome,45.82,-112.24,US,1551657086,,59,1,5.82,1.4
165,new ulm,44.31,-94.46,US,1551656771,,70,1,14.99,-2.01
166,haripur,33.99,72.93,PK,1551656957,,90,88,1.01,48.0
167,mantua,45.16,10.79,IT,1551657023,,75,48,2.24,54.0
168,aleksandrov gay,50.14,48.57,RU,1551657126,,83,76,16.49,18.58
169,serebryanyy bor,56.8,124.8,RU,1551657127,,59,8,2.62,-0.37
170,emerald,-23.53,148.16,AU,1551656820,,51,56,13.87,80.6
171,morris,41.36,-88.42,US,1551657122,,44,1,6.93,19.4
172,awjilah,29.14,21.3,LY,1551657128,,78,0,7.99,49.99
173,epernay,45.45,5.88,FR,1551657060,,50,0,12.75,57.2
174,etla,17.21,-96.8,MX,1551652800,,10,40,8.05,91.4
175,capao bonito,-24.01,-48.35,BR,1551657007,,97,92,4.74,65.65
176,pervomayskiy,53.24,40.29,RU,1551657130,,92,88,16.49,28.39
177,steinbach,49.53,-96.69,CA,1551657050,,59,75,14.99,-0.01
178,itapora,-22.08,-54.79,BR,1551657131,,38,24,8.99,81.8
179,sinjar,35.59,37,SY,1551657132,,93,56,7.31,46.39
180,kumano,34.34,132.59,JP,1551657126,,93,75,3.36,51.01
181,belyy,55.83,32.94,RU,1551657132,,92,88,8.21,29.56
182,wahpeton,46.27,-96.61,US,1551657030,,76,1,12.75,-1.0
183,kaitangata,-46.28,169.85,NZ,1551656839,,67,0,10.45,69.61
184,ojhar,20.09,73.93,IN,1551657133,,100,0,3.4,53.18
185,gbadolite,4.28,21,CD,1551657134,,93,32,2.73,70.55
186,adre,13.47,22.2,TD,1551657134,,49,36,3.62,66.23
187,peniche,39.36,-9.38,PT,1551657067,,93,90,11.41,59.0
188,beloha,-25.17,45.06,MG,1551656914,,90,0,3.51,71.41
189,stryn,61.9,6.72,NO,1551657003,,92,0,14.99,37.99
190,saint-raphael,19.43,-72.2,HT,1551657135,,50,20,3.18,75.95
191,sakti,22.03,82.96,IN,1551657135,,96,8,2.17,61.78
192,mason city,43.15,-93.2,US,1551656944,,76,1,16.11,-4.01
193,hecelchakan,20.17,-90.13,MX,1551653160,,58,5,6.93,86.0
194,zelenogorskiy,55.03,87,RU,1551654000,,89,90,13.42,32.0
195,ichhawar,23.03,77.02,IN,1551657137,,91,0,6.31,61.42
196,kirensk,57.78,108.12,RU,1551657137,,65,0,2.39,2.15
197,kinsale,51.71,-8.52,IE,1551654000,,100,40,5.82,32.0
198,miram shah,33.01,70.07,PK,1551657138,,75,0,2.73,26.18
200,la peca,-5.61,-78.44,PE,1551657138,,87,0,1.72,69.16
201,diofior,14.19,-16.66,SN,1551655800,,63,0,18.34,66.2
202,nyamuswa,-1.9,34.02,TZ,1551657142,,96,88,3.06,62.14
203,huron,44.36,-98.21,US,1551653700,,64,1,20.8,-0.41
204,manono,-7.3,27.4,CD,1551657143,,94,92,3.06,69.97
205,rumoi,43.93,141.67,JP,1551654000,,94,75,2.24,32.0
206,argentan,48.74,-0.02,FR,1551656839,,76,75,21.92,53.6
208,tzucacab,20.07,-89.05,MX,1551657144,,39,0,5.19,88.01
209,hondo,29.35,-99.14,US,1551657144,,86,90,16.11,48.2
210,lowestoft,52.48,1.75,GB,1551657126,,66,0,26.4,50.0
211,ruswil,47.08,8.13,CH,1551657140,,80,20,1.12,48.0
212,holice,50.07,15.99,CZ,1551657115,,70,0,2.24,48.0
213,kez,57.9,53.72,RU,1551657146,,69,44,3.06,-2.44
214,sangin,32.07,64.85,AF,1551657146,,92,0,4.63,41.17
215,colonial heights,37.26,-77.41,US,1551657124,,81,90,3.36,45.0
216,zhengjiatun,43.51,123.51,CN,1551657147,,47,56,8.55,35.86
217,qujing,25.49,103.8,CN,1551657148,,65,24,13.24,51.61
218,mahajanga,-15.72,46.32,MG,1551654000,,88,20,2.24,78.8
219,mudon,16.26,97.73,MM,1551657149,,87,0,2.95,71.05
220,kargasok,59.06,80.87,RU,1551657149,,75,80,11.45,29.47
221,urubicha,-15.63,-63.08,BO,1551657149,,76,36,3.29,80.86
222,kazachinskoye,57.69,93.28,RU,1551657150,,83,80,6.76,23.89
223,melita,49.27,-100.98,CA,1551656950,,84,56,15.99,-1.0
224,arkadelphia,34.12,-93.05,US,1551657012,,69,90,8.05,41.0
225,bordighera,43.79,7.66,IT,1551656877,,87,0,9.17,50.0
226,san narciso,15.02,120.08,PH,1551654000,,83,0,4.7,75.2
227,gagnoa,6.13,-5.95,CI,1551657152,,56,0,7.43,79.42
228,olbia,40.92,9.49,IT,1551653400,,87,0,13.87,51.8
229,posse,-14.08,-46.36,BR,1551657153,,87,76,3.62,70.69
230,sandpoint,48.28,-116.55,US,1551657110,,27,1,16.11,23.0
231,vanimo,-2.67,141.3,PG,1551656669,,100,92,11.9,81.94
232,santa teresa,10.26,-66.69,VE,1551656729,,75,32,3.4,72.0
233,xuanhua,40.61,115.04,CN,1551657155,,60,12,2.39,18.94
234,point pleasant,40.08,-74.07,US,1551656928,,100,90,4.7,36.0
235,fushe-arrez,42.06,20.02,AL,1551657156,,89,0,2.39,28.66
236,nanortalik,60.14,-45.24,GL,1551657156,,100,80,7.99,27.08
237,batken,40.06,70.82,KG,1551657156,,80,8,2.17,30.01
238,micheweni,-4.97,39.83,TZ,1551657157,,100,12,5.3,83.74
239,les escoumins,48.35,-69.4,CA,1551657157,,88,76,4.07,19.16
240,masindi,1.69,31.72,UG,1551657158,,85,12,4.41,66.46
241,badulla,6.99,81.06,LK,1551657159,,95,44,1.72,65.6
242,carbonear,47.73,-53.24,CA,1551656912,,92,90,13.87,24.01
243,werda,50.44,12.3,DE,1551657148,,70,20,8.05,51.01
244,barra,-11.09,-43.14,BR,1551657160,,73,36,5.53,75.28
245,almeirim,39.21,-8.63,PT,1551657153,,87,75,12.75,59.0
246,caramay,10.18,119.24,PH,1551657161,,100,92,8.21,77.26
247,thurso,58.6,-3.52,GB,1551657053,,93,20,4.7,44.01
248,salina,36.29,-95.15,US,1551657126,,67,90,10.29,23.0
249,san angelo,31.46,-100.44,US,1551657005,,69,90,20.8,36.0
250,pokrovsk,48.28,37.18,UA,1551657165,,80,36,12.91,23.93
251,synya,65.37,58.04,RU,1551657165,,74,24,7.2,-3.57
252,kosjeric,44,19.91,RS,1551654000,,64,0,4.7,37.4
253,sinait,17.87,120.46,PH,1551654000,,88,20,3.36,68.0
254,manica,-18.94,32.88,MZ,1551657166,,94,56,2.39,69.56
255,nkongsamba,4.95,9.94,CM,1551657167,,97,80,2.51,71.23
256,sveti nikole,41.86,21.94,MK,1551654000,,75,40,2.24,32.0
257,stulovo,55.85,38.31,RU,1551654000,,92,0,4.47,21.2
258,dzaoudzi,-12.79,45.27,YT,1551655800,,83,20,11.41,82.4
259,healdsburg,38.61,-122.87,US,1551657159,,81,90,4.7,59.0
260,gualeguay,-33.15,-59.31,AR,1551657168,,56,56,11.12,81.35
261,wuwei,37.93,102.64,CN,1551657168,,56,8,2.73,12.73
262,plettenberg bay,-34.05,23.37,ZA,1551657169,,95,0,6.76,64.88
263,mutoko,-17.4,32.23,ZW,1551657169,,89,0,2.17,62.5
264,dharchula,29.85,80.53,IN,1551657169,,85,0,1.95,26.5
265,busayra,30.74,35.61,JO,1551657170,,63,0,2.17,41.8
266,coatesville,39.98,-75.82,US,1551657167,,97,90,2.73,33.8
267,bang lamung,12.97,100.91,TH,1551656820,,69,20,9.17,88.0
270,bakhmach,51.18,32.81,UA,1551657171,,88,68,18.05,31.09
271,lebanon,43.64,-72.25,US,1551656983,,72,90,3.18,34.0
272,petropavlovka,50.61,105.32,RU,1551657172,,68,80,1.39,13.63
273,ouidah,6.37,2.09,BJ,1551657172,,83,0,7.2,79.28
274,chirongui,-12.93,45.15,YT,1551655800,,83,20,11.41,82.4
275,birin,35.01,36.67,SY,1551657173,,87,32,4.18,35.95
276,las varas,21.18,-105.14,MX,1551657016,,45,5,6.93,82.4
277,adrar,27.87,-0.29,DZ,1551654000,,15,0,10.29,64.4
278,capitan bado,-23.27,-55.53,PY,1551657174,,58,0,5.08,75.19
279,mukhen,48.19,136.14,RU,1551657174,,61,48,3.51,22.54
280,bundaberg,-24.87,152.35,AU,1551657005,,69,40,18.34,84.0
281,osypenko,48.04,34.39,UA,1551654000,,73,0,13.42,26.6
282,deputatskiy,69.3,139.9,RU,1551657175,,49,0,2.73,-31.2
283,tapejara,-23.73,-52.87,BR,1551657175,,45,32,7.65,79.73
284,lingao,19.91,109.69,CN,1551657176,,92,56,9.33,72.26
285,tiebissou,7.16,-5.23,CI,1551657168,,50,0,4.7,86.0
286,malacacheta,-17.84,-42.08,BR,1551657176,,64,8,9.66,77.26
287,hebi,35.75,114.29,CN,1551656753,,71,12,2.39,33.52
288,tarko-sale,64.92,77.78,RU,1551657126,,89,88,3,23.0
289,minsk,53.9,27.56,BY,1551654000,,100,90,8.95,35.6
290,kota belud,6.35,116.43,MY,1551657016,,88,75,4.7,77.0
291,beyneu,45.32,55.19,KZ,1551657178,,83,0,4.63,17.59
292,yulin,38.3,109.75,CN,1551657178,,81,0,3.06,27.35
293,wangou,42.06,126.91,CN,1551657179,,72,44,3.18,30.5
294,sudak,44.85,34.97,UA,1551657179,,100,0,3.96,22.85
295,boyuibe,-20.43,-63.28,BO,1551654000,,58,40,15.03,84.2
296,rajampet,14.19,79.16,IN,1551656955,,94,0,2.95,67.99
297,abomey,7.18,1.99,BJ,1551657180,,66,0,8.21,75.23
298,kashary,49.04,41.01,RU,1551657180,,83,48,13.24,21.91
299,nybro,56.75,15.91,SE,1551656817,,93,32,4.7,41.0
300,raipur,21.24,81.63,IN,1551657087,,92,0,5.86,64.84
301,mahenge,-8.68,36.72,TZ,1551657181,,96,64,2.06,71.86
302,pirenopolis,-15.85,-48.96,BR,1551654000,,93,75,10.29,66.2
303,debre tabor,11.86,38.01,ET,1551657182,,76,0,1.72,54.94
304,bobrov,51.1,40.03,RU,1551657182,,88,92,15.26,25.6
305,gopalpur,25.6,86.94,IN,1551657183,,93,56,6.2,58.4
306,kutahya,39.42,29.98,TR,1551653400,,83,75,9.17,34.0
307,canutama,-6.53,-64.38,BR,1551657184,,89,20,2.17,79.55
308,talara,-4.58,-81.27,PE,1551657184,,63,24,8.1,80.18
309,shizilu,21.7,109.38,CN,1551657185,,95,92,12.35,70.24
310,jurm,36.86,70.83,AF,1551657185,,94,76,1.39,17.59
311,helong,25.94,116.13,CN,1551657186,,86,32,2.51,43.42
312,kungalv,57.87,11.98,SE,1551657131,,86,92,8.05,42.01
313,ipatovo,45.72,42.92,RU,1551657187,,84,0,10,24.88
314,angol,-37.8,-72.71,CL,1551657187,,53,12,6.2,61.91
315,angren,41.01,70.08,UZ,1551657188,,81,8,2.39,25.87
316,kaspiysk,42.88,47.64,RU,1551654000,,74,90,2.24,37.4
317,iisalmi,63.56,27.19,FI,1551655200,,92,90,2.24,12.2
318,cumana,10.46,-64.17,VE,1551657192,,89,44,3.18,68.75
322,novouzensk,50.46,48.14,RU,1551656668,,86,80,17.05,18.94
323,pondicherry,-34.04,18.35,ZA,1551657170,,82,0,5.82,66.99
324,cotui,19.05,-70.15,DO,1551654000,,78,40,9.17,80.6
325,benicarlo,40.42,0.43,ES,1551657192,,45,8,1.01,61.0
326,jieshou,33.26,115.35,CN,1551657195,,78,0,5.97,37.84
327,williston,48.15,-103.62,US,1551656771,,70,75,21.92,-0.01
328,seligenstadt,50.04,8.98,DE,1551657156,,62,20,9.17,54.0
329,izhmorskiy,56.19,86.64,RU,1551657196,,91,76,15.59,28.93
330,holme,53.7,-2.31,GB,1551657184,,80,90,20.8,42.01
331,liwale,-9.8,37.92,TZ,1551657030,,95,44,2.17,70.24
332,boshnyakovo,49.65,142.17,RU,1551657197,,85,64,2.62,14.93
333,snihurivka,47.07,32.8,UA,1551656767,,88,0,11.56,27.8
335,toora-khem,52.47,96.11,RU,1551657198,,64,0,2.17,3.01
336,nalgonda,17.05,79.27,IN,1551657198,,87,0,7.2,72.58
337,touros,-5.2,-35.46,BR,1551654000,,88,75,4.7,80.6
338,la asuncion,-1.64,-78.74,EC,1551657199,,98,56,1.28,49.18
339,talavera de la reina,39.96,-4.83,ES,1551657199,,75,0,5.19,42.2
340,tsaratanana,-16.8,47.65,MG,1551657200,,92,56,3.4,69.52
341,gympie,-26.2,152.66,AU,1551657007,,98,76,4,69.01
342,mehndawal,26.98,83.11,IN,1551657201,,87,44,2.73,52.51
343,leshukonskoye,64.9,45.76,RU,1551657201,,71,68,3.4,8.36
344,amga,60.89,131.98,RU,1551657201,,71,12,2.73,-11.17
346,zaraza,9.35,-65.33,VE,1551657202,,58,0,13.91,80.32
347,diu,20.71,70.98,IN,1551657203,,94,8,5.3,64.12
348,bunbury,53.12,-2.65,GB,1551657125,,86,75,24.16,42.01
349,chepo,9.17,-79.09,PA,1551656998,,58,40,8.05,86.0
350,petrozavodsk,61.79,34.39,RU,1551654000,,85,48,2.24,17.6
351,ibiapina,-3.92,-40.89,BR,1551657204,,94,92,2.39,70.87
352,numan,9.46,12.04,NG,1551657205,,41,48,4.07,82.66
353,lesnoy,59.78,52.13,RU,1551657205,,67,0,2.62,-5.55
354,lang suan,9.95,99.07,TH,1551654000,,100,20,2.17,73.4
355,kankan,10.38,-9.3,GN,1551657206,,30,8,7.99,70.87
356,soe,57.91,26.05,EE,1551657076,,100,90,11.41,28.0
357,viking,53.1,-111.78,CA,1551657210,,78,0,11.23,-2.13
358,orje,59.48,11.66,NO,1551657008,,93,8,9.17,39.2
359,barao de melgaco,-16.19,-55.97,BR,1551654000,,70,0,5.82,87.8
360,ibate,-21.95,-48,BR,1551656990,,93,36,6.98,67.45
361,gistrup,56.99,9.99,DK,1551656950,,95,92,10.67,41.0
362,cehegin,38.09,-1.8,ES,1551657161,,49,0,2.62,57.99
363,lewisville,33.05,-96.99,US,1551657063,,59,75,20.8,34.0
365,mineral wells,32.81,-98.11,US,1551657043,,55,20,19.46,36.0
366,kuvshinovo,57.03,34.18,RU,1551657213,,67,64,5.53,9.35
367,zasechnoye,53.11,45.08,RU,1551655715,,93,80,14.25,26.01
368,the pas,53.82,-101.24,CA,1551654600,,65,90,17.22,5.0
369,aswan,24.09,32.9,EG,1551657214,,68,0,2.73,46.93
370,tarakan,3.3,117.63,ID,1551654000,,88,20,2.24,77.0
371,la baneza,42.3,-5.9,ES,1551656990,,93,48,21.92,48.99
372,tha mai,12.62,102.01,TH,1551657109,,73,68,8.88,84.99
374,rockport,28.02,-97.05,US,1551656902,,76,90,20.8,55.0
376,bela vista,-22.11,-56.53,BR,1551657217,,48,0,9.1,78.2
377,south sioux city,42.47,-96.41,US,1551657062,,70,75,13.87,1.4
378,brcko,44.87,18.81,BA,1551655800,,74,0,8.05,37.4
379,norsup,-16.07,167.38,VU,1551657160,,74,0,5.19,86.71
380,can tho,10.04,105.78,VN,1551654000,,94,20,4.7,71.6
381,kilis,36.72,37.12,TR,1551656831,,93,75,1.12,45.0
382,boguchany,58.38,97.46,RU,1551657219,,73,24,5.19,7.78
383,najran,17.54,44.22,SA,1551654000,,24,5,2.39,66.2
384,aykhal,65.95,111.51,RU,1551657220,,47,20,5.86,-3.25
385,zalaszentgrot,46.94,17.08,HU,1551656815,,69,0,11.41,50.0
386,srandakan,-7.94,110.25,ID,1551657221,,98,32,4.18,75.46
387,camacha,33.08,-16.33,PT,1551654000,,82,20,6.93,60.8
388,diosjeno,47.94,19.04,HU,1551657185,,86,0,3.36,45.0
390,scottsboro,34.67,-86.03,US,1551657222,,100,90,8.05,42.8
391,gayeri,12.65,0.49,BF,1551657222,,49,0,2.95,66.46
392,montego bay,18.47,-77.92,JM,1551656773,,83,75,5.82,77.0
393,athy,52.99,-6.98,IE,1551657225,,100,75,14.99,37.0
394,arkhipo-osipovka,44.37,38.53,RU,1551657226,,91,24,5.86,29.92
396,menzelinsk,55.73,53.11,RU,1551654000,,85,75,17.9,14.0
397,lenine,45.3,35.78,UA,1551657227,,94,0,7.43,31.9
400,effingham,39.12,-88.54,US,1551657205,,73,90,11.41,23.0
401,namanyere,-7.51,31.05,TZ,1551657230,,99,92,2.39,58.31
402,sovetskaya,44.78,41.17,RU,1551656821,,7,44,13,27.0
405,nizhniy bestyakh,61.96,129.91,RU,1551654000,,75,40,4.47,-20.21
406,otane,-39.89,176.62,NZ,1551656956,,50,0,8.01,75.0
407,kibaya,-2.2,30.56,RW,1551657171,,82,40,3.36,64.4
408,excelsior springs,39.34,-94.23,US,1551657300,,43,36,12.75,10.99
409,terenos,-20.44,-54.87,BR,1551654000,,61,20,1.12,82.4
410,zverinogolovskoye,54.46,64.85,RU,1551657233,,91,88,16.82,23.66
411,kilembe,0.2,30.01,UG,1551657234,,100,8,2.39,64.12
412,tevaitoa,-16.78,-151.5,PF,1551657234,,100,80,2.62,83.33
413,pleshanovo,57.46,28.17,RU,1551654000,,92,92,6.71,28.4
414,owensboro,37.77,-87.11,US,1551657077,,79,90,13.87,32.0
415,itoman,26.12,127.67,JP,1551654000,,68,75,19.46,66.2
416,gerash,27.67,54.14,IR,1551657236,,76,0,2.17,27.85
417,amarante do maranhao,-5.57,-46.74,BR,1551657236,,96,92,2.62,72.04
418,lukulu,-14.38,23.24,ZM,1551657237,,54,12,3.29,71.68
419,walla walla,46.06,-118.33,US,1551657198,,73,90,8.05,27.0
420,hakkari,61.34,23.75,FI,1551657162,,85,0,4.7,17.01
421,kariya,34.97,137,JP,1551657234,,93,75,5.82,52.0
422,votkinsk,57.05,53.99,RU,1551656748,,85,76,6.53,8.01
423,coldwater,41.94,-85,US,1551657022,,57,40,6.93,23.0
424,loutros,40.59,22.4,GR,1551657215,,93,20,5.82,46.0
425,pyaozerskiy,65.83,31.17,RU,1551657241,,51,0,2.51,-4.47
426,mporokoso,-9.37,30.12,ZM,1551657241,,97,92,4.18,64.25
427,chicama,-7.84,-79.15,PE,1551654000,,83,90,9.17,77.0
428,novochernorechenskiy,56.27,91.08,RU,1551657242,,89,64,8.21,31.45
429,devrek,41.22,31.96,TR,1551657242,,97,0,2.84,31.18
430,upig,15.02,120.99,PH,1551656832,,88,75,4.7,80.01
431,batagay-alyta,67.8,130.41,RU,1551657243,,30,24,2.62,-22.56
434,cheremkhovo,53.15,103.07,RU,1551657182,,56,32,2.95,8.0
435,logumkloster,55.06,8.96,DK,1551657156,,93,75,18.34,50.0
436,rangoon,16.81,96.16,MM,1551654000,,88,0,2.95,71.6
437,gondanglegi,-7.75,112.01,ID,1551657252,,95,80,3.18,73.3
438,winchester,51.06,-1.31,GB,1551657064,,75,20,11.41,48.99
439,xinzhi,22.54,120.62,TW,1551656997,,93,20,4.7,68.0
440,bom jesus,-9.08,-44.36,BR,1551657253,,91,56,4.63,73.66
442,tobane,-21.91,28.04,BW,1551657254,,88,92,3.18,70.1
443,bayir,37.27,28.22,TR,1551655200,,87,0,5.82,44.6
444,tacuarembo,-31.73,-55.98,UY,1551657254,,63,0,9.44,71.23
445,hendaye,43.37,-1.77,FR,1551657161,,22,0,19.46,69.8
446,casablanca,33.6,-7.62,MA,1551657170,,100,40,2.24,59.0
447,nizhniy tsasuchey,50.52,115.13,RU,1551657255,,75,24,11.01,20.47
448,pozo colorado,-23.49,-58.8,PY,1551657256,,60,0,5.97,84.05
449,suleja,9.18,7.18,NG,1551654000,,57,0,5.82,78.8
450,gunnedah,-30.98,150.25,AU,1551656720,,44,0,2.24,79.0
451,znamenskoye,57.13,73.82,RU,1551657257,,87,64,20.85,30.05
452,longview,32.5,-94.74,US,1551657208,,80,90,13.35,39.2
453,caucasia,7.98,-75.2,CO,1551657198,,68,0,1.28,84.68
455,gescher,51.96,7,DE,1551657254,,71,0,12.75,55.99
456,campo verde,-8.47,-74.81,PE,1551654000,,331,20,4.7,35.6
457,hutchinson,38.06,-97.93,US,1551657092,,60,75,13.87,10.99
458,yhu,-25.05,-55.92,PY,1551657260,,69,0,5.75,74.96
459,nalut,31.86,10.98,LY,1551657260,,91,0,2.84,43.73
460,alyangula,-13.85,136.42,AU,1551654000,,83,12,7.99,84.2
461,jaru,-10.43,-62.48,BR,1551657261,,89,8,2.17,76.63
462,pilar,-34.46,-58.91,AR,1551657205,,53,0,10.29,78.01
463,tengzhou,35.11,117.16,CN,1551657262,,74,0,5.41,34.6
464,san mateo del mar,16.21,-94.98,MX,1551657263,,82,0,11.01,84.19
465,huangpi,30.88,114.37,CN,1551654000,,87,0,8.95,42.8
466,belaya glina,46.08,40.86,RU,1551656717,,92,0,9.66,34.0
467,plaridel,13.96,122.02,PH,1551657264,,100,64,8.77,77.35
468,caracuaro,19.01,-101.13,MX,1551657264,,35,20,4.52,81.31
469,bukama,-9.2,25.85,CD,1551657265,,95,44,3.4,68.75
470,glyadyanskoye,54.91,65.09,RU,1551657265,,92,88,13.69,26.0
471,alto araguaia,-17.32,-53.22,BR,1551657266,,87,12,2.39,72.76
472,subtanjalla,-14.02,-75.76,PE,1551654000,,30,75,19.46,71.6
473,brumunddal,60.89,10.94,NO,1551656702,,90,88,1.01,33.01
474,superior,39.95,-105.17,US,1551657260,,77,90,4.7,9.0
475,corinto,-18.36,-44.46,BR,1551657267,,76,44,4.85,72.49
476,omsukchan,62.53,155.8,RU,1551657268,,63,80,5.64,-10.23
477,krabi,8.06,98.92,TH,1551654000,,94,20,5.82,78.8
480,ayan,40.67,33.6,TR,1551657272,,70,0,2.62,14.8
481,torrox,36.76,-3.95,ES,1551657262,,71,0,8.05,59.0
482,copacabana,6.35,-75.51,CO,1551657059,,82,75,6.93,68.0
483,grand forks,47.91,-97.06,US,1551656751,,64,75,11.41,-0.41
484,tranas,58.04,14.98,SE,1551657004,,86,92,8.05,41.0
485,wainwright,52.84,-110.86,CA,1551657177,,79,0,11.45,-2.49
486,amod,21.99,72.87,IN,1551654000,,73,40,7.43,69.8
487,qazvin,36.28,50.01,IR,1551654000,,97,0,2.24,32.0
488,rahon,46.99,5.46,FR,1551657248,,50,0,20.8,55.99
489,yauya,-8.99,-77.29,PE,1551657279,,96,68,2.17,46.16
490,rorvik,64.86,11.24,NO,1551657002,,75,8,1.01,23.0
491,la ciotat,43.17,5.6,FR,1551657272,,81,0,9.17,53.01
492,abu zabad,12.35,29.25,SD,1551657281,,24,0,10.56,67.54
493,mandan,46.83,-100.89,US,1551656896,,77,1,25.28,1.4
494,masvingo,-20.08,30.83,ZW,1551657281,,89,0,3.62,62.81
495,kilkis,40.99,22.87,GR,1551657271,,93,20,5.82,46.0
496,valkeala,60.94,26.8,FI,1551657135,,85,90,8.05,16.0
497,severo-yeniseyskiy,60.37,93.04,RU,1551657282,,83,80,6.98,17.86
498,sandy bay,-42.9,147.33,AU,1551657256,,45,75,13.87,70.0
499,pishin,30.58,67,PK,1551657283,,92,36,2.17,34.51
500,fengrun,39.83,118.12,CN,1551657283,,79,0,3.74,35.18
501,hattiesburg,31.33,-89.29,US,1551656831,,81,90,12.75,51.8
502,manicore,-5.81,-61.3,BR,1551657287,,89,36,0.94,78.7
504,gamboula,4.12,15.14,CF,1551657288,,89,64,7.99,72.35
505,dzhebariki-khaya,62.22,135.8,RU,1551657288,,34,0,2.51,-23.77
506,onguday,50.75,86.14,RU,1551657289,,68,0,0.72,13.81
507,megion,61.04,76.11,RU,1551654000,,86,90,17.9,28.4
508,kupino,54.36,77.31,RU,1551657289,,87,80,19.51,31.0
509,boone,36.22,-81.67,US,1551657210,,100,1,0.38,46.99
510,bethanien,-26.5,17.16,NA,1551657290,,43,0,7.99,68.53
511,marawi,8,124.29,PH,1551656762,,81,0,2.62,78.01
512,laem sing,12.48,102.07,TH,1551657109,,73,68,8.88,84.99
513,amalner,21.04,75.07,IN,1551657291,,86,0,2.84,61.73
514,ayna,38.55,-2.07,ES,1551656711,,79,0,4.7,50.0
515,nelson,49.49,-117.29,CA,1551657075,,37,0,2.17,15.16
516,george town,5.42,100.33,MY,1551655800,,88,75,2.24,78.8
517,kokstad,-30.55,29.42,ZA,1551657293,,98,20,2.17,54.26
518,chirkey,42.96,46.98,RU,1551654000,,74,90,2.24,37.4
519,chik,54.99,82.44,RU,1551654000,,80,75,13.42,30.2
520,ferkessedougou,9.6,-5.2,CI,1551657294,,30,0,8.43,71.18
521,vernon,50.27,-119.27,CA,1551656706,,41,1,6.93,27.0
522,minna,9.62,6.55,NG,1551654000,,37,0,8.05,82.4
523,wilmington island,32,-80.97,US,1551657256,,94,90,25.28,68.0
524,imeni poliny osipenko,52.42,136.49,RU,1551657296,,66,0,1.95,7.87
525,rapid valley,44.06,-103.15,US,1551657275,,49,0,14.99,3.99
526,whitehaven,35.03,-90.03,US,1551657296,,81,90,16.11,35.6
527,wanganui,-39.93,175.05,NZ,1551657244,,62,0,18.99,72.0
528,ketchikan,55.34,-131.65,US,1551653760,,18,1,12.75,42.8
529,gwadar,25.12,62.33,PK,1551657064,,98,0,6.2,62.05
530,san patricio,-26.98,-56.83,PY,1551657298,,74,0,2.51,77.08
531,paramirim,-13.44,-42.24,BR,1551657264,,67,24,8.43,73.16
532,asenovgrad,42.01,24.88,BG,1551655800,,100,75,2.24,37.4
533,biltine,14.53,20.93,TD,1551657299,,53,0,4.29,69.07
534,tumen,42.97,129.84,CN,1551657300,,56,0,2.28,32.98
535,rodrigues alves,-7.74,-72.65,BR,1551654000,,78,75,2.24,82.4
536,hwange,-18.35,26.5,ZW,1551657300,,38,48,10,80.9
537,tarancon,40.01,-3.01,ES,1551657246,,71,0,6.93,53.01
538,santo antonio do leverger,-15.87,-56.08,BR,1551654000,,70,0,5.82,87.8
539,san ignacio,-36.8,-72.03,CL,1551657078,,49,0,6.93,71.6
540,presidente venceslau,-21.88,-51.85,BR,1551654000,,58,0,2.24,82.4
541,gobo,33.89,135.15,JP,1551657283,,100,75,2.24,51.8
542,madison,43.07,-89.38,US,1551657300,,46,1,5.82,12.2
543,lyubech,51.7,30.66,UA,1551657306,,90,92,19.17,40.45
544,woodward,36.43,-99.39,US,1551656738,,57,40,18.34,19.4
545,garowe,8.41,48.48,SO,1551657307,,88,64,8.77,70.73
546,butte,46.01,-112.54,US,1551656931,,59,1,5.82,3.0
547,hanzhong,33.08,107.03,CN,1551657311,,86,80,2.06,31.63
548,sooke,48.37,-123.73,CA,1551657063,,45,1,9.17,46.0
549,yerofey pavlovich,53.97,121.97,RU,1551657312,,74,36,2.39,10.25
550,shirokiy,53.87,39.17,RU,1551657247,,73,88,3,28.99
551,tamsweg,47.13,13.81,AT,1551657001,,81,40,4.7,39.2
552,la seyne-sur-mer,43.1,5.88,FR,1551657311,,87,40,4.7,53.01
553,panama city,30.16,-85.65,US,1551657265,,94,90,20.8,73.4
554,turgoyak,55.15,60.12,RU,1551657314,,73,12,9.44,14.35
555,novobiryusinskiy,56.96,97.71,RU,1551657315,,84,20,5.97,13.72
556,dodola,10.12,-3.28,BF,1551657315,,27,0,6.76,72.85
557,mitzic,0.78,11.55,GA,1551657315,,97,64,1.61,71.86
558,idil,37.34,41.89,TR,1551657316,,96,92,6.31,42.07
559,bialogard,54.01,15.99,PL,1551657190,,93,92,7.65,46.99
560,elk point,53.9,-110.9,CA,1551654000,,36,20,13.87,12.2
561,erzurum,39.91,41.27,TR,1551655200,,84,0,1.12,9.0
562,mortka,59.33,66.02,RU,1551657318,,78,80,8.21,19.3
563,nguruka,-5.11,31.04,TZ,1551657318,,100,88,2.17,65.65
564,sanghar,28.18,68.31,PK,1551657319,,89,64,3.62,53.86
565,jeremie,18.65,-74.12,HT,1551657319,,95,48,3.18,76.54
566,susehri,40.16,38.09,TR,1551657319,,89,56,1.61,15.16
568,albacete,39,-1.86,ES,1551657008,,73,0,4.7,50.0
570,grandview,38.89,-94.53,US,1551657320,,43,12,12.75,12.2
571,don sak,9.32,99.69,TH,1551657297,,78,20,8.05,82.4
572,upernavik,72.79,-56.15,GL,1551657245,,100,32,3.29,8.95
573,kalmar,56.66,16.36,SE,1551656704,,93,56,4.7,41.0
574,curuca,-2.52,-61.06,BR,1551657326,,77,0,3.29,82.7
575,jumla,29.28,82.18,NP,1551657048,,100,0,2.28,11.33
576,marfino,56.07,37.56,RU,1551654000,,92,0,2.24,21.2
577,camacupa,-12.02,17.48,AO,1551657327,,84,20,4.18,61.28
578,mirnyy,56.57,36.46,RU,1551657327,,58,24,4.29,4.85
579,panguna,-6.32,155.48,PG,1551657328,,64,0,2.73,85.63
580,el alto,-16.5,-68.19,BO,1551654000,,66,75,9.17,50.0
581,kentau,43.52,68.5,KZ,1551657329,,86,48,3.96,30.91
582,rancho palos verdes,33.75,-118.37,US,1551657328,,67,40,3.36,64.0
583,tekeli,44.86,78.76,KZ,1551657329,,71,36,3.62,18.22
584,mpongwe,-13.51,28.16,ZM,1551657330,,59,0,6.98,69.43
585,gorin,40.36,-92.02,US,1551656937,,60,1,16.11,12.99
586,labytnangi,66.66,66.39,RU,1551657334,,77,68,24.65,1.84
587,camara de lobos,32.63,-16.97,PT,1551657045,,72,20,3.36,60.8
588,kigoma,-4.88,29.64,TZ,1551657334,,100,80,3.85,72.67
589,eufaula,31.89,-85.15,US,1551656911,,88,90,16.11,66.2
590,hollins,37.35,-79.95,US,1551657324,,100,90,8.05,41.0
591,abai,41.35,68.95,KZ,1551654000,,65,0,9.17,41.0
592,netrakona,24.88,90.72,BD,1551657336,,76,36,4.63,60.7
593,calafat,43.99,22.93,RO,1551657336,,75,0,6.87,35.41
594,pankrushikha,53.83,80.35,RU,1551657337,,87,12,15.14,25.73
595,susner,23.94,76.1,IN,1551657337,,59,56,6.42,57.41
596,de-kastri,51.48,140.77,RU,1551657337,,92,0,6.2,14.89
597,schruns,47.08,9.92,AT,1551657319,,75,0,3.36,46.99
599,dong hoi,17.48,106.6,VN,1551657338,,100,92,1.83,72.85
600,soria,41.76,-2.46,ES,1551656764,,55,0,3,46.0
601,viganello,46.01,8.97,IT,1551657323,,70,0,1.12,53.6
602,zilupe,56.39,28.12,RU,1551657340,,95,92,16.82,38.2
603,petauke,-14.25,31.33,ZM,1551657340,,65,12,6.98,70.78
604,autun,46.95,4.3,FR,1551656838,,50,0,10.29,55.4
605,sawakin,19.1,37.33,SD,1551657341,,100,0,4.97,57.41
606,mehamn,71.03,27.85,NO,1551653400,,73,75,16.11,21.2
607,paracuru,-3.41,-39.03,BR,1551657201,,78,20,3.36,81.0
609,picota,-6.92,-76.33,PE,1551654000,,290,40,1.61,62.6
610,szalkszentmarton,46.98,19.01,HU,1551657291,,86,0,6.93,39.2
611,tashara,55.52,83.51,RU,1551657343,,88,76,13.69,29.33
612,orocue,4.79,-71.34,CO,1551657344,,28,68,6.98,94.4
613,starosubkhangulovo,53.1,57.43,RU,1551657344,,82,0,8.66,8.0
614,arrifes,37.77,-25.7,PT,1551657314,,62,40,10.29,57.2
615,challapata,-18.9,-66.78,BO,1551657345,,74,20,2.39,43.69
616,richmond,49.16,-123.14,CA,1551657310,,35,20,10.29,45.0
617,xian,42.76,-8.49,ES,1551657332,,93,75,16.11,57.99
618,pasighat,28.06,95.33,IN,1551657349,,88,76,1.95,51.2
620,samfya,-11.37,29.56,ZM,1551657350,,100,92,4.74,65.51
621,hargeysa,9.56,44.06,SO,1551657350,,85,12,5.19,54.22
622,barhi,24.31,85.42,IN,1551657351,,87,56,3.4,59.75
623,bajos de haina,18.41,-70.03,DO,1551657206,,69,40,4.7,79.0
624,yerky,49.93,33.53,UA,1551657352,,86,56,15.03,28.88
625,san fernando,-34.58,-70.99,CL,1551654000,,43,75,8.05,71.6
626,trincomalee,8.58,81.23,LK,1551657353,,88,56,2.73,70.78
628,sriperumbudur,12.97,79.95,IN,1551654000,,88,20,2.24,77.0
629,kalanguy,51.01,116.52,RU,1551657363,,67,64,3.06,13.72
630,canon city,39.46,-117.13,US,1551657363,,80,88,3.06,36.53
631,alenquer,-1.95,-54.74,BR,1551654000,,88,0,2.24,80.6
632,belmonte,40.36,-7.35,PT,1551656725,,87,92,11.99,54.0
633,makurdi,7.73,8.54,NG,1551657365,,82,44,7.65,77.98
634,labuhan,-2.54,115.51,ID,1551657365,,86,8,2.28,77.35
635,loikaw,19.67,97.21,MM,1551657365,,89,0,2.17,52.46
636,tena,-0.99,-77.82,EC,1551654000,,100,75,1.12,77.0
638,changde,29.04,111.68,CN,1551657367,,89,76,1.95,41.3
639,tiznit,29.7,-9.73,MA,1551657371,,93,0,3.62,52.42
640,damietta,31.42,31.81,EG,1551654000,,77,0,11.41,59.0
641,ambunti,-4.22,142.82,PG,1551657371,,95,76,2.73,77.26
643,sayville,40.74,-73.08,US,1551657368,,86,90,6.93,36.0
644,saint-augustin,44.83,-0.61,FR,1551657249,,45,0,16.11,64.4
645,lakhisarai,25.18,86.09,IN,1551657373,,94,20,0.16,57.28
646,putina,-14.91,-69.87,PE,1551654000,,53,75,9.17,51.8
647,rupert,42.62,-113.68,US,1551655860,,59,90,9.17,37.4
648,stillwater,36.12,-97.06,US,1551657086,,62,75,13.87,23.0
649,gueret,46.17,1.87,FR,1551657311,,43,0,12.75,55.99
650,lakes entrance,-37.88,147.99,AU,1551657335,,67,0,1.99,73.99
651,oistins,13.07,-59.53,BB,1551654000,,78,40,18.34,77.0
652,kisanga,-11.72,27.4,CD,1551657379,,95,24,5.86,66.28
653,la plata,-34.92,-57.95,AR,1551657353,,69,0,13.87,77.0
654,denizli,37.77,29.09,TR,1551653400,,100,75,10.29,37.4
655,castle douglas,54.94,-3.92,GB,1551657194,,97,92,5.99,39.0
657,khuchni,41.95,47.95,RU,1551657381,,77,0,2.73,18.58
658,pyapon,16.29,95.68,MM,1551657382,,100,0,6.42,67.99
659,camaragibe,-8.02,-34.98,BR,1551654000,,78,40,4.7,80.6
660,caucaia,-3.73,-38.66,BR,1551657201,,78,20,3.36,81.0
661,santa helena de goias,-17.81,-50.6,BR,1551657383,,92,12,5.64,68.75
662,daltenganj,24.03,84.07,IN,1551657384,,90,48,2.62,56.29
663,mingguang,32.78,118.01,CN,1551657385,,89,0,2.95,38.38
664,praia,-20.25,-43.81,BR,1551654000,,64,0,3.36,75.2
665,sukhoy log,56.9,62.03,RU,1551657386,,77,48,9.44,18.26
666,ocos,14.51,-92.19,GT,1551654000,,62,40,9.17,86.0
667,asuncion,-25.3,-57.63,PY,1551654000,,48,0,3.36,86.0
668,mmabatho,-25.85,25.61,ZA,1551654000,,26,12,2.24,71.6
669,kaiu,59.01,25.06,EE,1551657125,,85,90,12.75,26.01
670,nueva gerona,21.88,-82.8,CU,1551657388,,82,0,4.18,79.87
671,pont-a-mousson,48.91,6.06,FR,1551657332,,46,0,5.82,54.0
672,ouro fino,-22.28,-46.37,BR,1551657186,,93,92,5.53,65.74
673,xinyang,32.13,114.07,CN,1551657389,,76,8,2.73,36.67
674,panshi,42.94,126.05,CN,1551657390,,64,88,2.62,34.51
675,melito di porto salvo,37.92,15.77,IT,1551657305,,81,20,9.17,54.0
677,nikel,69.41,30.21,NO,1551657000,,65,0,34.45,6.8
678,abay,49.63,72.87,KZ,1551654000,,92,0,24.61,23.0
679,twin falls,42.57,-114.46,US,1551655860,,59,90,9.17,37.4
680,benjamin constant,-4.38,-70.03,BR,1551654000,,83,0,2.24,78.8
681,uige,-7.61,15.06,AO,1551657396,,95,64,2.17,65.47
682,valdez,61.13,-146.35,US,1551653760,,55,75,3.36,35.6
683,kotido,3.01,34.12,UG,1551657397,,75,8,2.73,62.32
684,shush,55.6,89.45,RU,1551657397,,89,24,9.78,27.67
685,easton,42.02,-71.13,US,1551657388,,80,1,6.93,37.0
686,gusau,12.17,6.66,NG,1551657399,,49,0,3.4,68.21
687,severnoye,54.09,52.54,RU,1551657399,,84,68,14.47,14.75
688,carahue,-38.71,-73.16,CL,1551654000,,59,0,10.29,60.8
690,ladwa,30,77.05,IN,1551657400,,93,36,3.96,54.22
691,meaux,48.96,2.9,FR,1551657274,,66,75,31.09,54.0
692,jaleswar,21.8,87.22,IN,1551657401,,100,12,1.39,65.78
693,concord,37.98,-122.03,US,1551657176,,76,90,9.17,59.0
694,skibbereen,51.55,-9.27,IE,1551655800,,100,40,8.05,33.8
695,aksum,14.12,38.72,ET,1551657403,,91,0,2.62,48.82
696,florida,21.53,-78.23,CU,1551653400,,58,40,8.05,82.4
697,mambolo,8.92,-13.04,SL,1551657404,,96,8,8.77,77.26
698,miracema do tocantins,-9.56,-48.4,BR,1551657404,,92,48,3.29,75.19
699,hojai,26,92.85,IN,1551657405,,97,44,2.28,58.09
700,nurota,40.56,65.69,UZ,1551654000,,93,56,9.17,42.8
701,conway,35.09,-92.44,US,1551657304,,64,90,12.75,37.99
702,francisco beltrao,-26.08,-53.05,BR,1551657406,,68,0,4.41,71.0
703,el cobre,20.05,-75.95,CU,1551653520,,61,20,8.05,78.8
704,la ronge,55.1,-105.3,CA,1551654000,,60,90,17.22,8.6
705,kamina,-8.74,25,CD,1551657407,,95,80,4.97,68.71
706,malkapur,20.89,76.2,IN,1551657408,,80,0,5.75,59.62
707,valdobbiadene,45.9,12,IT,1551657383,,93,12,3.36,46.99
708,mar del plata,-46.43,-67.52,AR,1551657128,,42,24,18.39,60.65
709,vao,59.1,26.19,EE,1551657410,,87,88,7.99,22.72
710,mandalay,21.98,96.08,MM,1551657410,,80,8,0.94,61.91
711,north saint paul,45.01,-92.99,US,1551657394,,53,20,17.22,-2.01
712,caohai,26.87,104.28,CN,1551657412,,52,8,12.24,50.89
713,statesville,35.78,-80.89,US,1551657404,,100,90,4.7,48.2
714,ljungby,56.83,13.94,SE,1551656800,,100,88,4.7,41.0
715,burriana,39.89,-0.08,ES,1551657246,,44,0,4.7,64.99
716,ibicui,-14.84,-39.99,BR,1551657148,,81,8,7.65,73.75
717,chalmette,29.94,-89.96,US,1551657385,,82,90,23.04,60.8
718,obeliai,55.94,25.8,LT,1551657416,,94,80,17.72,38.65
720,lorengau,-2.02,147.27,PG,1551657417,,93,0,5.75,84.82
721,taksimo,56.36,114.84,RU,1551657419,,71,68,2.39,10.3
722,karwar,14.8,74.13,IN,1551657419,,86,0,1.72,64.12
724,xinyu,27.8,114.93,CN,1551657420,,88,24,2.62,42.56
725,saint pete beach,27.73,-82.74,US,1551657411,,73,1,10.29,75.2
726,madarounfa,13.3,7.16,NE,1551657422,,27,76,6.31,77.17
727,pascagoula,30.37,-88.56,US,1551657325,,93,90,11.41,61.0
728,canto do buriti,-8.11,-42.94,BR,1551657423,,94,20,5.19,70.73
729,francistown,-21.17,27.5,BW,1551657424,,66,20,8.99,69.11
730,skegness,53.14,0.34,GB,1551656780,,75,24,34.45,48.99
731,gubkinskiy,64.43,76.5,RU,1551657424,,90,92,17.72,24.83
732,teno,-34.87,-71.16,CL,1551654000,,43,75,8.05,71.6
733,olonets,60.98,32.97,RU,1551657425,,74,20,2.73,9.58
734,suarez,4.05,-74.83,CO,1551654000,,88,75,2.24,77.0
735,narasannapeta,18.42,84.04,IN,1551657426,,100,88,3.62,71.14
736,khuldabad,20.05,75.18,IN,1551657427,,90,0,4.74,57.1
737,bogande,12.97,-0.14,BF,1551657427,,42,0,3.18,63.53
738,general pico,-35.66,-63.75,AR,1551657367,,70,20,14.81,75.19
739,road town,18.42,-64.62,VG,1551657132,,69,40,10.29,78.8
740,guhagar,17.48,73.19,IN,1551657428,,100,0,7.31,68.66
741,fougamou,-1.22,10.59,GA,1551657429,,97,36,2.51,70.69
742,ourossogui,15.61,-13.32,SN,1551657430,,35,0,3.85,60.7
743,marica,-22.92,-42.82,BR,1551654000,,94,75,5.82,77.0
744,yanam,16.73,82.22,IN,1551657431,,86,8,5.41,75.23
745,da lat,11.95,108.44,VN,1551657432,,83,0,2.17,57.95
746,szentlorinc,46.04,17.99,HU,1551657433,,54,24,7.54,44.5
747,lidkoping,58.51,13.16,SE,1551657427,,93,88,6.93,41.0
749,tiarei,-17.53,-149.33,PF,1551657185,,66,20,6.93,89.6
750,sun valley,43.7,-114.35,US,1551656721,,68,5,6.93,28.4
